,title,description,createdAt
0,$500M Bitcoin Whale Reveals His Top 5 Altcoins for a $50M Crypto Portfolio—Memecoins Take the Spotlight,"A $500M Bitcoin whale unveils his top 5 altcoin picks for a $50M crypto portfolio, placing surprising emphasis on memecoins. Discover which trending tokens made the cut and why this investor believes they're set to surge.","Mon, 26 May 2025 10:57:57 +0100"
1,Best Crypto to Buy Now as Bitcoin Erodes the Dollar’s Iron Grip,"Harvard economist Kenneth Rogoff, in his new book Our Dollar, Your Problem, argues that the U.S. dollar’s unrivaled position is under threat from a trio of forces: China’s rising influence, escalating geopolitical strains, and the surging use of cryptocurrencies in global transactions.","Mon, 26 May 2025 12:18:26 +0100"
2,"Can Dogecoin (DOGE), Pepe (PEPE), and Dogwifhat (WIF) Surge Again? Price Analysis","The memecoins have been taking advantage of Bitcoin’s (BTC) rise to a new all-time high. Have the memecoins achieved their highs for now, or is there a lot more to come? $DOGE, $PEPE, and $WIF are analysed.","Mon, 26 May 2025 11:51:26 +0100"
3,Team Liquid Loses Six-Year Honda Sponsorship,"Honda has announced that it will end its relationship with Team Liquid.  The sponsorship lasted for six years, and Honda decided to cut ties with the esports team due to the ""inappropriate player conduct.""","Mon, 26 May 2025 10:36:33 +0100"
4,"From Utility To Virality: Virtuals Token Rallies In Micro Bull Run, But Analysts Bet On FloppyPepe (FPPE) At Only $0.00000035 For 100x Gains","Virtual token sees a surge in a micro bull run, but top analysts eye FloppyPepe (FPPE) at just $0.00000035 as the real 100x opportunity","Mon, 26 May 2025 10:31:20 +0100"
5,"Turn $600 Into $600,000 With These Meme Coins That Can Rally 21,000% To New ATHs","Crypto experts reveal how to turn $600 into $600,000 with meme coins like Popcat (POPCAT), Bonk (BONK), and FloppyPepe (FPPE) that can rally 21,000% to new ATHs.","Mon, 26 May 2025 10:28:41 +0100"
6,"As Bitcoin Price Races To $115,000, Hyperliquid And AVAX Keep Altcoins In The Spotlight With Record-Breaking Weekly Gains","As the Bitcoin price eyes $115,000, altcoins like Hyperliquid (HYPE), Avalanche (AVAX), and FloppyPepe (FPPE) are driving a new wave of momentum.","Mon, 26 May 2025 10:25:20 +0100"
7,Bitcoin (BTC) Surges Amid EU Tariff Relief: Market Analysis,"After dropping nearly 4% going into the weekend on the news that President Trump had levied a 50% trade tariff on the EU, Bitcoin is recovering after Trump agreed on Sunday to extend the tariffs deadline until 9 June. Will Bitcoin now surge into the next stage of the bull market, or is there more consolidation to come?","Mon, 26 May 2025 09:48:33 +0100"
8,Dogwifhat Price Prediction: Time For SOL Memes to Make a Comeback?,"Dogwifhat price prediction made simple, can Solana memes rise again this year? See what’s next for WIF and why savvy investors are also watching Unilabs closely.","Mon, 26 May 2025 10:58:42 +0100"
9,Flipster Launches APR Supercharge With Up to 122% Yield on USDT—Setting a New Competitive Benchmark,Flipster Launches APR Supercharge With Up to 122% Yield on USDT—Setting a New Competitive Benchmark,"Mon, 26 May 2025 09:13:57 +0100"
10,DOGE News: SEC Pushes Back Dogecoin ETF as Traders Switch Focus to PassiveFi Coin,"In the latest DOGE news, the SEC has pushed Dogecoin ETF approval to June, prompting investors to move towards a PassiveFi coin, Unilabs. Find out more about it.","Mon, 26 May 2025 10:55:36 +0100"
11,"Tron (TRX) Hits Record Transaction Volume, but Investor Focus Shifts to Ruvi AI’s (RUVI) Landmark Exchange Partnership","Tron (TRX) is in the spotlight, trading at $0.27 following a 9.4% increase this month, supported by its impressive feat of reaching a record-breaking 8.4 million daily transactions.","Sun, 25 May 2025 20:39:49 +0100"
12,"Shiba Inu (SHIB) Gains Momentum at $0.00001439, but Ruvi AI (RUVI) Draws Attention with Promising 12,500% ROI Potential","Shiba Inu (SHIB), a prominent meme cryptocurrency, has enjoyed a 5.7% gain in May, firmly holding its current price at $0.00001439.","Sun, 25 May 2025 20:36:00 +0100"
13,XRP News Sparks Layer 1 Discussion — Where Do New Projects Fit In? Top Altcoins to look at,"XRP continues to dominate headlines with its regulatory wins and international payment expansion. But every time Ripple makes news, it reignites a larger question in the crypto space.","Sun, 25 May 2025 21:37:01 +0100"
14,PEPETO and Solaxy Go Neck-and-Neck in Presale Wars,"PEPETO boasts zero-fee trading, and Solaxy targets Layer-2 dominance. Both projects are gaining traction, but which offers the better upside?","Sun, 25 May 2025 20:21:35 +0100"
15,Trump’s Memecoin Hype Faces New Challenger as Influencer Pepe Emerges as a 100x Contender,"As Trump’s $TRUMP coin fuels short-term hype with celebrity-driven events, Influencer Pepe (INPEPE) is quietly emerging as a 100x memecoin backed by real-world utility, 4,754% APY staking, and a growing role in the influencer economy.","Sun, 25 May 2025 20:51:20 +0100"
16,"Dogecoin Price Forecast: $1 Possible, But Can Ozak AI Beat It?","With a bull run on the horizon, many investors are eyeing Dogecoin (DOGE) for another potential breakout.","Sun, 25 May 2025 20:24:31 +0100"
17,Best Crypto to Buy Now as Solana Ignites a Future of Universal Investing,"At Accelerate 2025, Solana Foundation’s non-CMO Akshay BD laid out a vision that could redefine how we invest.","Sun, 25 May 2025 20:07:35 +0100"
18,Cardano (ADA) vs. Ruvi AI (RUVI): Which Token’s Utility Could Drive It to a $1 Valuation?,"Cardano (ADA), a leading blockchain platform, is trading at $0.756, reflecting an 3% monthly gain.","Sun, 25 May 2025 20:32:52 +0100"
19,Shiba Inu Price Prediction: The Window to Catch the Next Explosive Move May Be Closing,Is SHIB gearing up for another breakout? Find out what analysts are saying and why the window of opportunity might be closing.,"Sun, 25 May 2025 14:39:36 +0100"
20,"Analyst Tips Cardano To Reach $1.55 In Next 160 Days, But This Decentralized Platform Could Do It First",Cardano price targets $1.55 in 160 days amid technical breakout from $0.82. This AI hedge fund offers an alternative way to invest with lots of upside potential.,"Sat, 24 May 2025 14:44:55 +0100"
21,"5 Best Altcoins to Buy Today for Huge Returns: BlockDAG, NEAR, Render, Chainlink, & Polkadot!","Searching for the best altcoins to buy today? See how BlockDAG stands out, along with updates on NEAR, Render, Chainlink, and Polkadot.","Sun, 25 May 2025 14:20:58 +0100"
22,Next Crypto to Explode: Why Just 3% of Investors Follow This Simple Wallet Signal,Wondering what the next crypto to explode in 2025 is? This AI token is making waves while most investors miss the signal.,"Sun, 25 May 2025 14:36:27 +0100"
23,Battle of the 100x Presale: Solaxy Vs Wall Street Ponke,Solaxy (SOLX) and Wall Street Ponke ($WPONKE) are leading the 100x presale race in 2025. Which project offers better upside—Layer 2 scaling tech or AI-powered meme coin utility?,"Sun, 25 May 2025 20:18:54 +0100"
24,Unilabs (UNIL) Attracts Big-Time Ripple (XRP) and Cardano (ADA) Investors With Launch of AI-Driven DeFi Asset Management Platform,"Although the XRP price and the price of Cardano are seeing some gains, many whales are more interested in a new AI-driven DeFi asset manager called Unilabs.","Sat, 24 May 2025 14:40:10 +0100"
25,"Best Altcoins to Buy Now – Meme, AI, and Real-World Use Case Picks",Wondering what the best altcoins to buy now are? These micro-cap tokens offer real utility and big potential in 2025.,"Sun, 25 May 2025 14:32:50 +0100"
26,Inside Sui’s (SUI) Rapid User Adoption  Why AI-Powered Projects Like Ruvi AI (RUVI) Are Set to Drive the Next Bull Run,"SUI has captured significant market attention with its recent 10% monthly gain, climbing to $3.62 at the time of writing.","Sun, 25 May 2025 20:29:48 +0100"
27,"Cardano, Solana Prices Surge But This New Crypto Is Gearing Up For A 5000% Rally","Cardano and Solana are back in the spotlight, surging fast, reigniting investor excitement, and hinting that the next altcoin wave may already be underway. With both chains pushing forward on scalability and adoption, they’re reminding everyone that Ethereum isn’t the only game in town.","Sun, 25 May 2025 16:17:50 +0100"
28,Surprise XRP Price Prediction: This Ripple Rival Is Tipped To Lead Altcoin Season Instead,"XRP has long been seen as crypto’s remittance king, a sleek solution to cross-border payments, backed by Ripple’s bold vision to take on the banks. And with regulatory hurdles finally fading, many expected XRP to lead the charge into the next altcoin season.","Sun, 25 May 2025 16:13:32 +0100"
29,ChatGPT Predicts Shiba Inu Could Flip Dogecoin by 2028 - Here's the Price Target,"Back in 2021, meme coins were the internet’s guilty pleasure. Dogecoin howled its way into the spotlight with Elon Musk at its side, while Shiba Inu quietly emerged from the shadows, often dismissed as a clone","Sun, 25 May 2025 16:07:06 +0100"
30,Best Crypto Presale to Buy – #3 Next Exploding Altcoins Before the Market Reverses,Looking for the best crypto presale to buy? This new AI-based altcoin could lead the next breakout in 2025.,"Sun, 25 May 2025 14:29:31 +0100"
31,"The $0.07 Crypto That’s Outperforming Floki Inu, Pepe and Bonk Combined in 2025","While Pepe Coin, Bonk Coin and Floki Inu have each had strong runs in 2025, one lesser-known token is quietly stealing the spotlight. Remittix, priced at just $0.07","Sun, 25 May 2025 15:57:59 +0100"
32,Cardano (ADA) Looks To Recover Momentum But Investors Are Drawn To These Viral Cryptos,"Cardano’s recent controversy dealt the ADA price a significant blow, but the coin looks to be on its way back up. Nevertheless, most investors are looking away from Cardano and towards viral coins like Remittix (RTX) and Hyperliquid (HYPE) for maximum crypto returns. These two next-generation crypto projects are expected to dominate their respective niches.","Sun, 25 May 2025 15:50:26 +0100"
33,Comparing Dogecoin (DOGE) and 'XRP 2.0' Remittix (RTX) Chances Of Hitting $10 In Future,"In this article, meme king Dogecoin (DOGE) goes head to head against Remittix (RTX), a rapidly rising PayFi protocol dubbed XRP 2.0.","Sun, 25 May 2025 15:46:22 +0100"
34,XRP Holders Are Quietly Moving to This Altcoin – Could It Be the Next Ripple?,"With uncertainty overhanging XRP's future, more crypto investors are shifting attention to Remittix (RTX)","Sun, 25 May 2025 15:43:18 +0100"
35,"Solana (SOL) Price Breaks Key Resistance, Analysts Share Bullish 2025 Targets","The Solana price has broken past a key resistance level, prompting analysts to update their 2025 outlooks","Sun, 25 May 2025 15:39:21 +0100"
36,Where Do Crypto Casinos Excel Over Normal Ones?,Ontario's bid to regulate offshore gambling advertisements and Alberta's move to bring the online markets under regulation are signs of tighter monitoring.,"Sun, 25 May 2025 15:14:29 +0100"
37,Best Meme Coin to Buy: 10 Penny Tokens That Could Shock the Market,Looking for the best meme coin to buy? This AI-powered token could shake up the market in 2025,"Sun, 25 May 2025 14:25:23 +0100"
38,Best Cloud Mining Platform 2025: Why HashFly Outperforms Competitors Like Binance & StormGain,The Smartest Way to Earn Passive Crypto Income Without Hardware Hassles,"Sun, 25 May 2025 14:18:09 +0100"
39,Best Crypto to Buy Now – Next Crypto to Explode Could Be This Meme Token,Looking for the best crypto to buy now? This new AI token is gaining traction fast as penny cryptocurrencies surge in May 2025.,"Sun, 25 May 2025 14:14:10 +0100"
40,Wormhole Unlocks $36B Dogecoin Liquidity on Solana—A New Era for Meme Coin Utility,"Wormhole integrates Dogecoin with Solana, unlocking $36B in liquidity and enabling faster, scalable utility for the popular meme coin—marking a pivotal shift in cross-chain crypto adoption.","Sat, 24 May 2025 10:42:56 +0100"
41,"Crypto Weekly Roundup: Trump Hosts Memecoin Gala, DoJ Investigates Coinbase Cyberattack, & More","The crypto world saw major developments this week as Texas moved closer to holding Bitcoin in its treasury, and Kraken announced plans to tokenize major tech stocks. The DOJ launched a criminal probe into the Coinbase cyberattack, while Trump hosted a memecoin gala attended by industry insiders. Meanwhile, U.S. lawmakers advanced stablecoin regulation with the Senate's passage of the GENIUS Act.","Sun, 25 May 2025 12:15:19 +0100"
42,The Trump Bitcoin Connection: How Regulatory Shifts Could Propel Bitcoin Solaris Investors to Millionaire Status,Trump’s Bitcoin order just sparked a shift. BTC-S is now the quiet goldmine investors are eyeing for millionaire-level gains.,"Sat, 24 May 2025 20:31:21 +0100"
43,iExec’s Tokenomics Week Ushers In More Utility For RLC,"When it comes to crypto, there are many different reasons why an investor might prefer to hold one asset over another, and in many cases it usually has something to do with “utility”.","Sun, 25 May 2025 10:35:21 +0100"
44,"XRP News: As Bitcoin & Ethereum Rally, Investors Flock To XpFinance, The First Lending & Borrowing Platform On The $XRP Ledger",Bitcoin has hit its all time high and Ethereum poised to break new yearly highs as the broader crypto market is awash in fresh liquidity.,"Sun, 25 May 2025 09:35:31 +0100"
45,KMBIO: P2P Exchange That Connects Crypto World with Real Life,"In the midst of the global expansion of digital finance, Latin America has become a key territory to test what actually works.","Sun, 25 May 2025 09:31:11 +0100"
46,Dogecoin Price Prediction: Will FLOKI Repeat 300% Growth Like 2024?,"FLOKI may replicate its 2024 rally and the Dogecoin price may reach its peak, but this utility token is thriving in presale and can beat both altcoins in this bull run.","Sat, 24 May 2025 14:42:33 +0100"
47,"Interview with Michael Heinrich, Founder and CEO of 0G Labs on Testnet V3, Galileo","0G Labs, the Layer 1 blockchain for AI, has launched V3 of its testnet. The new Galileo testnet introduces a host of improvements over its predecessor, including a 70% boost in network speed.","Sun, 25 May 2025 09:27:23 +0100"
48,"3 Tokens Below $1 to Outperform the Crypto Market: Shiba Inu, Dogecoin and Unilabs","The Shiba Inu coin price targets a breakout above $0.000020 next, while the Dogecoin price could hit $3.50; UNIL, a new AI token, is among experts’ new favorites","Sat, 24 May 2025 14:37:48 +0100"
49,"From $1,000 to $4 Million: How Bitcoin Solaris Could Replicate Erik Finman’s Bitcoin Success Story for Today’s Investors",Bitcoin Solaris is the new $4 opportunity that could mirror Bitcoin’s rise—don’t miss the next Finman-style crypto breakout.,"Sat, 24 May 2025 20:27:43 +0100"
50,"Tron (TRX) Rises to $0.272 in 24 Hours, but Analysts Point to Ruvi AI (RUVI) as the Next Potential 133x Investment by End of 2025","Tron (TRX), currently priced at $0.272, has recorded a 1.5% increase in the past 24 hours, reflecting its strong performance as a scalable blockchain platform powering a growing ecosystem of decentralized applications (dApps).","Sun, 25 May 2025 20:48:07 +0100"
51,"Shiba Inu (SHIB) Rises 10.2% This Month at $0.00001448, But Ruvi AI (RUVI) Catches Major Investors' Attention Thanks To 12,200% ROI Potential","Shiba Inu (SHIB), trading at $0.00001448, has seen a commendable 10.2% gain over the past month. Known for its dedicated community and status as a widely recognized meme cryptocurrency, SHIB continues to capture investor attention worldwide.","Sat, 24 May 2025 20:18:14 +0100"
52,Cardano and XRP Investors Shift Focus to Trending Altcoins Like Lightchain AI,"As traditional cryptocurrencies like Cardano (ADA) and XRP face market volatility, investors are turning their attention to new opportunities","Sat, 24 May 2025 11:04:52 +0100"
53,Crypto Whales Think Unilabs (UNIL) Is the Best Post-Pump Profit Play After the Recent Growth of Dogecoin (DOGE) and Ethereum (ETH),"After the recent Dogecoin price and ETH price pumps, whales are now turning to Unilabs (UNIL) as the best profit play that could bring them big gains.","Sat, 24 May 2025 13:32:22 +0100"
54,"Cardano (ADA) Climbs to $0.762, While Ruvi AI (RUVI) Boosts Visibility Through WEEX Exchange Partnership and Over 120M Token Sales","Cardano (ADA) has rebounded strongly, achieving an 11.2% monthly gain, bringing its price to $0.762.","Sat, 24 May 2025 20:15:06 +0100"
55,Crypto Crash Got You Down? Here’s Why Lightchain AI Shines as Your Long-Term Hero,"The latest crypto crash has shaken investor confidence, leaving many portfolios in the red — but not all hope is lost. Lightchain AI is quickly emerging as a long-term hero amid the chaos, offering a fresh path forward for those seeking real utility and sustainable growth.","Sat, 24 May 2025 11:00:42 +0100"
56,Hundreds of Early SOL Backers are Jumping Into This $0.005 Altcoin Before It Goes Mainstream,"As Solana Price trends stabilize, early SOL whales are shifting into Unilabs. Explore how Unilab’s $0.005 entry point price could define the next crypto cycle.","Sat, 24 May 2025 14:35:33 +0100"
57,"Sui (SUI) Jumps to $3.64, as Ruvi AI (RUVI) Gains Spotlight with $1 Target and Long-Term Growth Potential","Sui (SUI), a prominent blockchain platform, has marked a 22.45% monthly gain, reaching a price of $3.64 amid growing demand.","Sat, 24 May 2025 20:10:24 +0100"
58,"Crypto Price Prediction: Solana, Hyperliquid and Mantix New Exchange Could Produce High Returns For Early Investors","Early investors interested in high-growth opportunities may find the 2025 crypto forecasts for Solana (SOL), Hyperliquid ($HYPE) and the newly launched Mantix (MTX) exchange promising. With the market gaining strength, it looks like Solana can break past $200 owing to SOL’s growing role in Web3 and DeFi.","Sat, 24 May 2025 20:24:07 +0100"
59,"Early Bitcoin Investors In Search Of Next Big Crypto Backs Mantix Whilst Ethereum Could Hit $4,000 In May","There is new bullish optimism as May has seen Bitcoin reclaim and surge past its $109,000 all time high set in January this year. With the market driven by rampaging AI altcoins and rekindled ETF speculation for many top altcoins, the hunt for the best crypto to buy has never been more frantic.","Sat, 24 May 2025 20:16:28 +0100"
60,Early Dogecoin Investors Backs New Viral Presale Mantix As Investors Look For Maximum Gains,"Bitcoin surged to $108,000 in the last 12 hours; carrying other top altcoins on the bullish ride with it. Meanwhile, Dogecoin in the past month alone has seen a 40% surge and analysts say the positive sentiment is pushing investors to spread their wings.","Sat, 24 May 2025 20:11:19 +0100"
61,"It's Live! Mantix Launches Presale, Expected To Go Viral As Dogecoin And Toncoin Investors Rush To Enter","After weeks of declines, the altcoin market is heating up once again as savvy Dogecoin (DOGE) and Toncoin (TON) investors seek the next big thing. Despite the rise of so many presale coins, a new contender steals the spotlight with its unique capabilities.","Sat, 24 May 2025 20:04:07 +0100"
62,Lightchain AI Making Waves as Litecoin Whales Make a Splash,"As Litecoin whales make major moves, shifting large volumes and drawing attention, another project is making its own splash—Lightchain AI.","Sat, 24 May 2025 10:58:32 +0100"
63,"4 Top Crypto Coins in 2025: Ethereum, Hyperliquid, Monero, & Unstaked Ready to Deliver Huge ROIs!","Explore top crypto coins for 2025, including Unstaked, Ethereum, Hyperliquid, and Monero. Learn how Unstaked’s AI-powered Proof of Intelligence system makes it stand out.","Sat, 24 May 2025 17:33:15 +0100"
64,Web3 ai’s $777K Giveaway Heats Up While Sui Surges and Dogecoin (DOGE) Price Drop Raises Eyebrows,"Dogecoin (DOGE) price drop sparks debate, Sui pushes toward $5, but Web3 ai’s $777K giveaway and AI toolkit launch could be the real breakout of 2025.","Sat, 24 May 2025 17:35:59 +0100"
65,XRP Price Forecast: Is Ripple the Best Utility Coin in 2026?,"Unilabs raises over $860k from 15k investors as the crypto market booms. The fund is revolutionizing asset management, introducing AI into the equation. Learn more here!","Sat, 24 May 2025 14:32:38 +0100"
66,Crypto Billionaire Sets Sights on Dogecoin and Lightchain AI– Paving the Way for a New Blockchain Revolution,"The cryptocurrency market is constantly changing, attracting interest from major investors seeking innovative projects with high growth potential.","Sat, 24 May 2025 09:54:54 +0100"
67,"Ripple (XRP) Could Become the Biggest Altcoin in Japan, While Unilabs Finance Offers 30% Passive Income",The XRP price consolidates as Ripple eyes dominance in Japan’s altcoin market. Investors diversify with Unilabs (UNIL) for its 30% passive income promise.,"Sat, 24 May 2025 14:30:10 +0100"
68,"Lightchain AI - The Altcoin Ready to Shine Bright in the Crypto Market, Just Like XRP","XRP once lit up the crypto world with its explosive growth—and now, Lightchain AI is positioning itself for a similar breakout.","Sat, 24 May 2025 09:51:54 +0100"
69,"Best Crypto Coin to Buy Now: BlockDAG, XRP, Polkadot & NEAR Protocol","Looking for the best crypto coin to buy today? Explore why BlockDAG leads alongside XRP, Polkadot, and NEAR with price insights, updates, and key market moves.","Sat, 24 May 2025 17:30:36 +0100"
70,Next Crypto to Explode: How to Predict Breakouts Without Relying on News,"Spot the next crypto before it breaks out. Learn how real investors use on-chain data and AI tools to predict trends—no hype, just smart signals.","Sat, 24 May 2025 17:38:44 +0100"
71,Dogecoin Forecast: Can DOGE Reach $1 Before Ozak AI Hits $1?,"Crypto markets are beginning to stir ahead of the anticipated 2025 bull run, with two very different tokens attracting attention: the ever-popular Dogecoin (DOGE) and the innovative presale-stage project Ozak AI (OZ).","Sat, 24 May 2025 17:27:26 +0100"
72,Crypto Prices Rally After Pullback—Lightchain AI Presale Quietly Moves Toward a Major Milestone,"As the cryptocurrency market rebounds in 2025, investors are seeking promising opportunities to capitalize on the rally.","Sat, 24 May 2025 09:49:35 +0100"
73,"Move Over Solaxy, Wall Street Ponke Is the 100x Memecoin of the Summer.","Solaxy is fading, and a new AI-powered contender is making waves. Here's why WPONKE is making waves and capturing investors' attention this summer.","Sun, 25 May 2025 20:42:49 +0100"
74,This AI Coin Is Turning Heads After Pi Network’s Hype—Is Lightchain AI the Next Crypto Star?,"As the hype around Pi Network captures mainstream attention, a new AI-powered contender is quietly gaining serious traction—Lightchain AI.","Sat, 24 May 2025 09:47:00 +0100"
75,Why Lightchain AI Thrives While Other Cryptos Struggle,"The crypto market is notorious for its unpredictability, and recently, many leading cryptocurrencies have experienced sharp declines.","Sat, 24 May 2025 09:39:47 +0100"
76,2 Must-Buy Cryptos That Could Turn You Into a Millionaire by 2025 – You Won’t Believe the Second One Isn’t Even Launched Yet,"As the cryptocurrency market evolves, investors are seeking projects with high growth potential.","Sat, 24 May 2025 09:37:12 +0100"
77,Why Wall Street Ponke’s 100x Potential Blows Solaxy Out of the Water,"Wall Street Ponke shows stronger long-term value and growth potential than Solaxy, with real utility and investor-focused features.","Sat, 24 May 2025 13:29:22 +0100"
78,"Solaxy is Aiming for the Moon, but PEPETO Might Beat it to the Punch","As Solaxy nears $40M in presale funding, PEPETO’s explosive ecosystem and presale growth suggest it might be the memecoin to watch in 2025’s altcoin season.","Sat, 24 May 2025 13:26:56 +0100"
79,Crypto Mogul Pours Millions Into HBAR and Lightchain AI—Is the Future Already Here?,"A major crypto mogul is reportedly shifting millions into Hedera (HBAR) and Lightchain AI, raising eyebrows across the market—and possibly offering a preview of where the smart money is headed next.","Sat, 24 May 2025 09:34:27 +0100"
80,Top 5 Altcoins to Watch as Altseason Approaches and Analysts Predict Historic Gains,Discover the top 5 altcoins poised for major growth as altseason nears. Learn what analysts predict could lead to historic gains and how to position your portfolio for success.,"Sat, 24 May 2025 09:55:12 +0100"
81,Trump’s Memecoin Gala Draws Crypto Tycoons And Criticism,"Crypto industry bigwigs attended President Donald Trump’s memecoin gala. However, while many attendees at the event remained unknown to the public, a few high-profile guests appeared for the cameras.","Sat, 24 May 2025 13:04:36 +0100"
82,"Cardano (ADA) Rises By 4% This Week, But Experts Predict Ruvi (RUVI) To Grow x680 During The Bull Run","Cardano (ADA), currently valued at $0.797, continues to solidify its position as a trailblazer in blockchain technology.","Fri, 23 May 2025 18:42:31 +0100"
83,"Whale Activity Signals Big Ethereum Price Moves – Could ETF Inflows Drive ETH Higher? Plus, This New Coin Aims for $3","As Ethereum (ETH) shows signs of building momentum, recent whale activity is hinting at major upcoming price movements.","Sat, 24 May 2025 09:32:05 +0100"
84,"From $1,000 to $1,000,000, Early Investors in This Crypto Could Get Rich Like 2021 Shiba Inu and Dogecoin Holders","In 2021, early investors in Shiba Inu and Dogecoin turned modest sums into life-changing wealth almost overnight.","Sat, 24 May 2025 09:28:54 +0100"
85,"With Pi Network Drawing Millions, Could Lightchain AI Be the Next Big Crypto Breakout?","Pi Network has captivated millions, generating significant buzz within the cryptocurrency domain.","Sat, 24 May 2025 09:18:37 +0100"
86,Best Crypto to Buy Now As Bitcoin Accumulation Skyrockets,"After months of volatility and speculation, Bitcoin has now shattered all historical benchmarks, trading firmly above 110,000 dollars and setting a fresh all-time high.","Sat, 24 May 2025 09:15:23 +0100"
87,Analyst Lists Best Coins To Watch Before Bitcoin’s ATH Sparks A Full-Scale Altcoin Rally,Bitcoin’s new ATH sets FloppyPepe (FPPE) on full blast to lead Pepe (PEPE) and Kaspa (KAS) in the coming altcoin rally.,"Fri, 23 May 2025 14:44:13 +0100"
88,"Shiba Inu (SHIB) Solidifies At $0.00001523 By Remaining a Leading Meme Cryptocurrency, But Ruvi AI (RUVI) Steals The Spotlight By Selling 120+ M Tokens And Reaching 1000+ Holders","Shiba Inu (SHIB), currently trading at $0.00001523, remains a significant player in the crypto space, celebrated for its vibrant community and meme-inspired origins.","Fri, 23 May 2025 18:39:53 +0100"
89,"XRPTurbo: This XRP Project Aims To Accelerate Ripple DeFi Revolution As Liquid Staking Goes Live, Set To Launch AI Agent Launchpad","As the crypto market heats up alongside Bitcoin’s record breaking highs, a new wave of innovation is taking shape on the XRP Ledger (XRPL) and leading that charge is XRPTurbo.","Fri, 23 May 2025 20:40:52 +0100"
90,$20M Ethereum ETF Inflows And XRP's Price Surge Could Be Masking A Larger Move - Analyst Points To 7-Day Breakout For A Hidden Favorite,"News of Ethereum ETF inflows and the XRP price rally is dominating headlines, but a 7-day breakout pattern hints at major growth for FloppyPepe (FPPE)","Fri, 23 May 2025 14:40:52 +0100"
91,"Avalanche (AVAX) Reaches $22.53 By Gaining Momentum in DeFi and dApp Growth, But Ruvi AI (RUVI) Offers 12700% ROI Opportunity To Its Investors","Avalanche (AVAX), currently priced at $24.81, continues to shine as a powerhouse in the blockchain ecosystem.","Fri, 23 May 2025 18:36:02 +0100"
92,Vameon’s dEmpire of Vampire: The GameFi Comeback We’ve Been Waiting For,"Vameon’s strength is in its transparency, decentralization, and community.","Fri, 23 May 2025 19:04:42 +0100"
93,"TRUMP Token Price Prediction Heats Up, AAVE Targets Breakout, But Unstaked $1 Potential is the Best Bet","AAVE price prediction and TRUMP token market momentum are trending, but Unstaked’s $1M giveaway and $UNSD’s utility-driven upside stand out.","Fri, 23 May 2025 14:28:53 +0100"
94,"These 4 Projects Are Dominating 2025 ,  Here’s Why They’re the Best Crypto to Buy Now","Explore the best crypto to buy now in 2025. Learn how Ethereum, Polygon, Avalanche, and BlockDAG are shaping the market, with BDAG’s $0.0020 window closing fast.","Fri, 23 May 2025 14:24:34 +0100"
95,"Sui (SUI) Shines at $3.88, Innovates with zkLogin and Record TVL, While Ruvi AI (RUVI) Assures Its Presence Thanks To Strategic Collaboration With WEEX","Sui, a cutting-edge Layer 1 blockchain, stood firm at $3.99 today, signaling its robust position in the crypto market.","Fri, 23 May 2025 18:37:00 +0100"
96,What Makes $KNCH Different From Meme Tokens Flooding the Market,"Crypto is back in a presale frenzy. Every day brings another new token, often with a mascot, a meme, or a marketing gimmick.","Fri, 23 May 2025 20:37:47 +0100"
97,"Kraken Brings Apple, Tesla, Nvidia Stocks to the Blockchain","Cryptocurrency exchange Kraken is preparing to roll out tokenized versions of Apple (AAPL), Tesla (TSLA), and Nvidia (NVDA) stocks, marking a major step in merging traditional financial markets with blockchain technology.","Fri, 23 May 2025 15:16:03 +0100"
98,Husky Inu (HINU) Set For Next Price Jump As Market Rally Cools,"Husky Inu (HINU) is set for its latest price increase as part of its pre-launch phase, which will see the token’s value increase to $0.00017477. HINU had recently registered a price jump to its current level of $0.00017427.","Fri, 23 May 2025 14:45:11 +0100"
99,"Best Crypto To Buy: 2025 Price Predictions For Cardano, Remittix, Pi Network and Pepe Coin","Cardano, Pi Network and PEPE Coin have established themselves as top players in the current crypto paradigm.","Fri, 23 May 2025 15:39:54 +0100"
100,"Crypto Price Analysis: Traders Switch To Viral Sensation As XRP, Dogecoin ETF Decision Delayed","XRP and Dogecoin price predictions are on the rise even as the U.S. The Securities and Exchange Commission is back at the delay game, pressing pause on two headline-grabbing altcoin ETFs this time, for XRP and Dogecoin.","Fri, 23 May 2025 15:15:39 +0100"
101,"Shiba Inu Price Outlook More Bearish Than Bullish, Traders Are Flocking To This Competitor","Shiba Inu, one of the top dogs of meme coins, is riding the green wave with popular cryptocurrencies in today’s trading.","Fri, 23 May 2025 15:11:37 +0100"
102,XRP Rival Emerges: Could This Emerging Crypto Have More Impact Over How We Move Money?,As Ripple's XRP keeps crushing it — and with the regulations possibly easing up—the competition's starting to gain on their playbook big time.,"Fri, 23 May 2025 15:08:28 +0100"
103,"Venom Foundation Achieves 150k TPS in Closed-Network Stress Test, Paving the Way for 2025 Mainnet Upgrade","Venom Foundation Achieves 150k TPS in Closed-Network Stress Test, Paving the Way for 2025 Mainnet Upgrade","Fri, 23 May 2025 15:00:24 +0100"
104,Wall Street Banks Weigh Joint Stablecoin Venture Amid Growing Crypto Competition,"A group of the largest U.S. commercial banks is reportedly in early discussions about launching a joint stablecoin, according to a Wall Street Journal report.","Fri, 23 May 2025 14:25:28 +0100"
105,Ethereum vs Ozak AI: Which Has a Stronger Market Forecast?,"The crypto market is gearing up for a bull run, and investors are on the lookout for tokens to invest in.","Fri, 23 May 2025 14:47:56 +0100"
106,"$BC pumped 87% in 24h, breaking above $0.0078. Market cap surpassed $78M.","The surge comes as BC.GAME (@bcgame) launched a 1B $BC daily rebate program, offering up to 13% rebates based on user gaming volume. Players staking over $10 daily also qualify for a Porsche raffle.","Fri, 23 May 2025 14:01:52 +0100"
107,"Crypto Price Analysis 5-23: BITCOIN: BTC, ETHEREUM: ETH, SOLANA: SOL, RIPPLE: XRP, DOGWIFHAT: WIF, INJECTIVE: INJ","The crypto market’s rally tapered off after Bitcoin (BTC) settled between $110,000 and $111,000. The flagship cryptocurrency shattered its previous all-time high as it surged to $111,970, entering a period of price discovery. However, it registered a decline from this level, ultimately dropping to its current level at around $110,700. BTC is marginally down over the past 24 hours, taking a breather and consolidating around recent highs.","Fri, 23 May 2025 14:19:51 +0100"
108,"Crypto Analysts: ‘Investing $1,000 in Bitcoin Solaris Today Could Outperform $10,000 in Bitcoin by 2027’","Crypto analysts say Bitcoin Solaris could turn $1,000 into more than $10,000 Bitcoin by 2027—here’s why.","Fri, 23 May 2025 10:42:48 +0100"
109,"DeFi Explosion Incoming: xBTC Brings Bitcoin to Solana, Aptos, and Sui as BTC Sets New ATH","xBTC is revolutionizing DeFi by bridging Bitcoin to Solana, Aptos, and Sui, unlocking new liquidity and interoperability as BTC reaches a new all-time high (ATH). Discover how this innovation could trigger the next wave of decentralized finance growth.","Fri, 23 May 2025 12:43:39 +0100"
110,"Most Promising Altcoins After Bitcoin Hits ATH: Litecoin (LTC), SUI Blockchain, and Unilabs Finance","The ongoing market recovery is shining a light on Litecoin, the innovative SUI blockchain, and Unilabs, which are positioned as promising alternatives beyond Bitcoin.","Fri, 23 May 2025 14:13:06 +0100"
111,Bybit Launches Global P2P School to Advance Peer-to-Peer Trading Education,Bybit Launches Global P2P School to Advance Peer-to-Peer Trading Education,"Fri, 23 May 2025 12:46:49 +0100"
112,Crypto Market Surges: Top Crypto Investments for rest of 2025 Bull Market,"As the crypto market breaks into what could potentially be the final, and possibly the most prolific stage of the bull run, what could be the best crypto investments for those looking to enter this sector?","Fri, 23 May 2025 11:05:30 +0100"
113,Imrat Group and Bybit Launch Innovative Investment Product Set to Disrupt the Global Crypto Market,Imrat Group and Bybit Launch Innovative Investment Product Set to Disrupt the Global Crypto Market,"Fri, 23 May 2025 10:26:50 +0100"
114,Bitcoin (BTC) Breaks Out: What's Next?,"Bitcoin (BTC) surpassed its all-time high on Wednesday. However, since then the price has been fairly steady considering the breakout. Is this the pause before the rocket propellant is ignited? What could Bitcoin do next?","Fri, 23 May 2025 09:56:50 +0100"
115,FloppyPepe Presale Quietly Positions It As 2025's Top Gainer — Here's What The Smart Money Sees,"Smart money quietly flocks to FloppyPepe’s (FPPE) presale, as it emerges as a top gainer for 2025 with a major breakout ahead","Fri, 23 May 2025 14:33:34 +0100"
116,New Solana ATH in May? Indicators Hint at Big Leap in the Dogecoin Price and Unilabs,"The Solana price is on track for a new ATH, while the Dogecoin price is tipped to cross $1; Unilabs, a new DeFi token, is listed among the best AI coins to buy now.","Fri, 23 May 2025 14:19:15 +0100"
117,"Millionaire Ignored the DOGE Hype and Bought This PassiveFi Altcoin, Now He’s Up 280%","A millionaire skipped the DOGE hype and backed Unilabs, a PassiveFi altcoin. Now he’s up 280%, while the Dogecoin price consolidates below $0.26 amid whale selloffs.","Fri, 23 May 2025 14:14:00 +0100"
118,"SUI Blockchain Could Be The Next Top 10 Altcoin, But Unilabs & Bittensor Dominate May Demand","As Bittensor and Sui battle to reach the top 10 altcoins, Unilabs is quietly growing its business. The AI-driven fund has already raised over $760k from its presale!","Thu, 22 May 2025 12:32:03 +0100"
119,Psy Develops First Trustless Bridge from Dogecoin to Solana,Psy Develops First Trustless Bridge from Dogecoin to Solana,"Thu, 22 May 2025 20:18:27 +0100"
120,Pepeto and Solaxy Compete for Dominance in the Next Memecoin Era,"If you already invested in Solaxy, this might be important to know. Solaxy says it’s the first Layer 2 on the Solana blockchain, and that’s a cool idea. Layer 2 technology is usually used to make blockchains faster and cheaper.","Thu, 22 May 2025 19:00:11 +0100"
121,Solana Nears 30-Day High While Bulls Target Bigger Gains For Cardano and Unilabs,"Technical analysis hints at a breakout in the Solana price, while the Cardano coin could cross $2; Unilabs, a new AI token, surpassed $740,000 in early funding.","Thu, 22 May 2025 12:34:27 +0100"
122,XRPTurbo Set To Supercharge The XRP Ecosystem With 25% APY Liquid Staking,"As the cryptocurrency market evolves, a new wave of innovation is emerging, one that blends blockchain with artificial intelligence (AI).","Thu, 22 May 2025 17:28:16 +0100"
123,Dogecoin Price Prediction: How Much DOGE Do You Need To Retire By 2027?,"Dogecoin’s price is gearing up for an explosive breakout, with market watchers putting across bullish Dogecoin price predictions. In the last month, DOGE’s price saw its MACD flip positively, holding critical support above $0.22.","Thu, 22 May 2025 18:59:44 +0100"
124,"Can Ethereum Hit $5,000 Before The Winter? Is Remittix Enroute To Becoming The Top Payment Token Over XRP","Data-driven Ethereum price prediction reveals that ETH might not hit $5,000 before winter, while Ripple’s XRP might remain stuck in the $2 zone. The digital gold rush is now headed toward Remittix (RTX), an emerging XRP rival tipped to cause a cosmic storm in the cross-border payments economy.","Thu, 22 May 2025 18:55:45 +0100"
125,Solana Price Prediction: Is a $1 Trillion Market Cap En Route for Solana? XRP Begins Its Charge to $5,"A new Solana economic theory has outlined SOL’s path to a $1 trillion market cap, as one analyst says he will be in utter disbelief if XRP doesn’t smash $5 this year! Let’s examine how high SOL and XRP could soar in 2025 amid increasing competition from fresh crypto presales.","Thu, 22 May 2025 18:39:51 +0100"
126,Husky Inu (HINU) Registers Price Jump As Bitcoin (BTC) Surges To New All-Time High,"Husky Inu (HINU) has registered the latest price jump of its pre-launch phase, rising to $0.00017427. HINU’s next price jump will see the token value rise to $0.00017477.","Thu, 22 May 2025 16:05:19 +0100"
127,Pi Network Price Prediction: What Insiders Won’t Say + 3 Altcoins They’re Secretly Buying,"Realistic Pi Network price predictions + 3 altcoins insiders are quietly buying for 2025 gains. Compare utility, access, and future potential.","Thu, 22 May 2025 12:29:06 +0100"
128,"Dogecoin Eyes Gains, Chainlink Targets $20, But BlockDAG Stands Out as the Best Crypto for 100x Returns","DOGE bulls aim for $0.65, LINK eyes $20, but BlockDAG’s $261.5M presale, frozen price, and scalable tech signal 100x potential for early buyers.","Thu, 22 May 2025 14:33:15 +0100"
129,Best Crypto to Buy Now As Bitcoin Price Uptrend Confirms Golden Cross,"After retracing sharply earlier this year, Bitcoin is not only back above previous highs but also flashing signs of another leg up.","Thu, 22 May 2025 17:22:33 +0100"
130,Kaanch Network Gains Attention as New On-Chain Data Draws Comparisons to ETH and SOL Ahead of Potential Altcoin Rally,"As the crypto market shows early signs of an altcoin breakout, analysts are beginning to zoom in on high-performance Layer 1s that could lead the next leg of the bull cycle.","Fri, 23 May 2025 12:25:07 +0100"
131,"Fake Blockchain Startup Founder Indicted for Wire, Securities Fraud",Jeremy Jordan-Jones faces multiple federal charges after allegedly defrauding investors with a sham blockchain firm and siphoning funds to fund personal luxuries.,"Thu, 22 May 2025 15:27:40 +0100"
132,XRP Price Prediction 2030: Is This the Best Meme Coin to Buy Instead?,Expert XRP price predictions for 2025–2030. And find the best meme coins to buy now as high-risk alternatives,"Thu, 22 May 2025 12:20:08 +0100"
133,"Justin Sun Pumps TRUMP Coin, But Wall Street Ponke Becomes 100x Memecoin to Bet On","TRON founder Justin Sun backs $TRUMP memecoin, but savvy investors are eyeing Wall Street Ponke ($WPONKE) as the next 100x play with real tools and long-term potential.","Thu, 22 May 2025 14:46:22 +0100"
134,"Experts Foresee the Ethereum and Cardano Prices Surging Soon, but One Presale Gem Shocks With $700K Raised in Just a Few Days","Market experts predict that both the price of ETH and the Cardano price could see jumps soon, but all eyes are on a presale gem that has already raised over $700K so far.","Thu, 22 May 2025 07:43:40 +0100"
135,"Coinbase Hacker Turns Troll, Drops Taunts While Laundering Funds","The perpetrator behind a significant data breach targeting Coinbase users has escalated their activities, openly mocking blockchain investigator ZachXBT while continuing to launder millions in stolen cryptocurrency.","Thu, 22 May 2025 14:49:15 +0100"
136,Dogecoin Price Prediction Just Changed — Experts Reveal Best Altcoins to Watch,Dogecoin's price forecasts have shifted in 2025. See what’s next for DOGE and why experts say it might be time to watch other rising altcoins.,"Thu, 22 May 2025 12:14:33 +0100"
137,Mantle and Republic Technologies Forge Strategic Partnership to Pioneer Institutional mETH Integration,Mantle and Republic Technologies Forge Strategic Partnership to Pioneer Institutional mETH Integration,"Thu, 22 May 2025 15:06:18 +0100"
138,"Crypto Price Analysis 5-22: BITCOIN: BTC, ETHEREUM: ETH, SOLANA: SOL, POLKADOT: DOT, ARBITRUM: ARB, UNISWAP: UNI","The crypto market registered a stunning increase in the past 24 hours as Bitcoin (BTC) surged to a new all-time high, pulling the rest of the market with it. The flagship cryptocurrency smashed its previous all-time high, surging past $110,000 late Wednesday after teasing the move since the beginning of the week. Momentum sustained itself even after US equity markets closed for the day. BTC is up nearly 4% over the past 24 hours, trading around $111,400.","Thu, 22 May 2025 14:46:17 +0100"
139,Solana ETF Approval Pending While Bitcoin Solaris Offers Ground-Floor Opportunity for Retail Investors,"While institutional interest grows around a potential Solana ETF, Bitcoin Solaris is offering retail users early access to a fixed-supply, mobile-mining protocol designed for participation — not just speculation.","Wed, 21 May 2025 17:25:25 +0100"
140,Pepe Price Prediction: Could This Be the Most Undervalued Meme Coin Now?,"Is PEPE the most overlooked meme coin of 2025? We break down its price history, market outlook, and how it compares to new and old meme coins.","Thu, 22 May 2025 12:10:52 +0100"
141,Missed PEPE or Uniswap? BlockchainFX’s Presale Could Be Your Second Chance at a 1000x Token,"If you regret missing the massive gains from Pepe or being too late to Uniswap, you're not alone.","Thu, 22 May 2025 14:29:58 +0100"
142,Blockchain on the Fast Track: Why Crypto and Car Racing Make the Ultimate Team,"This year's Formula 1 season kicked off in March in Melbourne, Australia, and almost every team featured sponsors from the crypto industry.","Wed, 21 May 2025 15:40:47 +0100"
143,Shiba Inu Price Prediction: One Update Away From Becoming the Next Market Shocker?,Is Shiba Inu set for a major comeback? This guide breaks down what’s next for SHIB and how its ecosystem could shake up the market again.,"Thu, 22 May 2025 11:28:35 +0100"
144,https://docs.google.com/document/d/1Ryz7F7Zj2X6ovGZ2xYqG9kIvgcfQeXa08UnJy5dD2jw/edit?usp=sharing,"Spot the next crypto before it breaks out. Learn how real investors use on-chain data and AI tools to predict trends—no hype, just smart signals.","Thu, 22 May 2025 11:25:33 +0100"
145,Bitcoin Smashes $107.6K as Regulatory Winds Turn Favorable—Next Stop $110K? Here’s Why the 2025 Rally Is Just Getting Started,"Bitcoin surges past $107.6K amid favorable regulatory shifts, fueling optimism for a continued 2025 bull rally. Discover what’s driving the next move toward $110K and why this breakout may just be the beginning.","Thu, 22 May 2025 12:05:48 +0100"
146,"LBank Dominates Meme Market, Secure Top10 Global Ranking by CoinGecko","LBank Dominates Meme Market, Secure Top10 Global Ranking by CoinGecko","Thu, 22 May 2025 12:21:43 +0100"
147,Renowned tech VC backs Web3 project at $470m valuation,Renowned tech VC backs Web3 project at $470m valuation,"Thu, 22 May 2025 12:00:06 +0100"
148,"Best Altcoins to Buy Now – Cheap Gems, Meme Plays & Explosive Presales","Discover the top altcoin trends for 2025, including AI tokens, meme plays, and presales. See what’s driving real value before the next crypto wave.","Thu, 22 May 2025 11:23:13 +0100"
149,Inside the Real-World Economics of Deflationary Tokens,"As more conventional institutions enter the digital asset field, one concern emerges: how to preserve long-term value for utility tokens in an ecosystem where oversupply may quickly weaken demand.","Thu, 22 May 2025 15:27:04 +0100"
150,"Wall Street Ponke Presale Clears $300,000 in a Week: Best Memecoin Since PEPE?","Wall Street Ponke ($WPONKE) clears $300,000 in presale within a week, sparking investor buzz as the next potential 100x memecoin. Learn how to join before it explodes.","Fri, 23 May 2025 14:37:42 +0100"
151,Solana (SOL) Hits Key Resistance Level: Price Analysis,"As Bitcoin (BTC) soars into price discovery after making a new all-time high, Solana (SOL) may be waking up from what has been a relatively quiet period over the past few weeks, at least in comparison with its major layer 1 competitors.","Thu, 22 May 2025 10:52:14 +0100"
152,Best Crypto Presale to Buy as AI Innovation Sparks the Next Wave,AI is changing crypto fast. Discover which presales offer real value in 2025 and what to watch before you buy. Don’t miss this smart investor guide.,"Thu, 22 May 2025 11:20:26 +0100"
153,Best Meme Coin to Buy in 2025? Look for AI-Backed Hype Like These Tokens,"Discover how AI is changing meme coins in 2025. Learn what’s trending, what’s next, and what crypto investors are watching closely this year.","Thu, 22 May 2025 10:21:57 +0100"
154,"Bitcoin (BTC) Surges to Record High of $111,800","The run-away train that is Bitcoin has broken through the previous all-time high. Bulls have propelled the price to $111,800 so far on Thursday. Bitcoin is soaring into price discovery - how far can this rocketship go?","Thu, 22 May 2025 09:51:44 +0100"
155,"Wall Street Ponke Raises Over $300K in Hours, Poised to Be the Next 100x Meme Coin","Wall Street Ponke ($WPONKE) has captured the spotlight in record time, raising more than $300,000 just hours after launching.","Fri, 23 May 2025 14:36:34 +0100"
156,Best Crypto to Buy Now: What Institutional Wallets Are Buying Before You Notice,See what smart money is buying in 2025. Track wallet moves and discover how investors spot the best crypto before it trends—using real on-chain data.,"Thu, 22 May 2025 08:52:24 +0100"
157,Top 3 Altcoins Outperforming The Bitcoin Price This Cycle,"Altcoins are gaining fast, with some outpacing Bitcoin (BTC). Discover how Cardano (ADA), FloppyPepe (FPPE), and Hyperliquid (HYPE) are leading the bullish market","Thu, 22 May 2025 08:45:40 +0100"
158,"Binance Coin (BNB) Ecosystem Builds Stronger Foundations, But Analysts Expect $1.00 Price Tag For Ruvi AI (RUVI)","Binance Coin (BNB), priced at $654, continues to demonstrate its strength as a top-tier cryptocurrency. Renowned for facilitating transactions on the Binance Exchange and powering decentralized finance (DeFi) applications, BNB plays a pivotal role in the crypto ecosystem.","Wed, 21 May 2025 18:06:49 +0100"
159,"Shiba Inu (SHIB) Explores Blockchain Gaming, But Ruvi AI (RUVI) Assure Early Investors With x560 Thanks Analysts Prediction","Shiba Inu (SHIB), priced at $0.0000146, remains one of the world's most beloved meme coins, driven by an energetic community and vibrant online culture.","Wed, 21 May 2025 18:02:37 +0100"
160,Altcoin ETFs Won’t Create ‘Material Demand from Institutional Investors’ – Analyst,"Altcoins have historically outperformed Bitcoin during sharp rallies, but Suliman Mulhem, a financial analyst, has cautioned that BTC is set to deliver superior returns this cycle.","Wed, 21 May 2025 22:17:53 +0100"
161,"Bitcoin’s Spot Market Demand Just Hit A Historic High, Here’s What Comes Next","The Bitcoin (BTC)  spot market demand just reached an all-time high, while FloppyPepe’s (FPPE) growing presale signals major price movements ahead.","Wed, 21 May 2025 15:03:00 +0100"
162,"Avalanche (AVAX) Rolls Out Its Most Ambitious Network Upgrade, But Ruvi AI (RUVI) Takes The Spotlight With Over 1,300% ROI Opportunity","Avalanche (AVAX), currently trading at $22.6, is cementing its position as a robust blockchain platform for decentralized applications and DeFi ecosystems.","Wed, 21 May 2025 18:03:53 +0100"
163,China’s RealDID Rollout and Global Digital Identity Race. Is Kaanch Network the Infrastructure Layer for Web3 Verification?,"In a landmark development, China officially launched its RealDID program — a nationwide decentralized identity system that will allow citizens to authenticate themselves across online services, financial applications, and government platforms using blockchain-based credentials","Fri, 23 May 2025 12:22:41 +0100"
164,"Viral crypto asset management platform hits $30.7m AUM, XRP price declines","While the XRP price gets clouded by the legal uncertainty in the Ripple vs SEC case, Unilabs has emerged as a better alternative project with over $30.7M AUM already.","Wed, 21 May 2025 14:24:15 +0100"
165,"Husky Inu (HINU) Raises $764,473 As Bitcoin Sets Record Daily Close","Bitcoin (BTC) rallied after a slow start to the week, crossing $107,000 on Tuesday after rising over 1% and briefly crossing $108,000 during the ongoing session. The flagship cryptocurrency is up nearly 1%, trading at around $107,683. Meanwhile, Husky Inu’s (HINU) highly successful pre-launch phase continues, with the project having raised $764,473 so far.","Wed, 21 May 2025 16:18:52 +0100"
166,"Pi Network Price Prediction – Early Users Hope for $10, Experts Say $0.01",Curious if hype matches reality? Discover what crypto buyers are expecting vs what the data actually shows—and where real utility is leading the market now.,"Wed, 21 May 2025 15:08:53 +0100"
167,Cardano (ADA) at $0.760 Shows Potential for Breakout While Ruvi Ai (RUVI) Assure Its Growth Potential Thanks To Smart Collaborations,"Cardano (ADA), currently priced at $0.76, continues to be a powerhouse in the blockchain ecosystem.","Wed, 21 May 2025 17:55:17 +0100"
168,"OnRe, Backed by Ethena, Solana Ventures, and RockawayX Launches Structured Yield Product Combining Real-World Stability and On-Chain Upside","OnRe, Backed by Ethena, Solana Ventures, and RockawayX Launches Structured Yield Product Combining Real-World Stability and On-Chain Upside","Wed, 21 May 2025 18:39:12 +0100"
169,One Vote Away: Texas Bitcoin Reserve Bill Nears Finish Line,Texas has moved one step closer to becoming the third U.S. state to officially hold Bitcoin in its treasury with the Senate Bill 21 passing its second reading with a majority vote win.,"Wed, 21 May 2025 16:13:11 +0100"
170,Pkoin: Powering Decentralized Social Media and Beyond,"In an era where concerns about centralized control, censorship, and exploitative monetization models in social media are escalating, Pkoin (PKOIN) emerges as a solution.","Tue, 20 May 2025 16:38:26 +0100"
171,"Top Crypto Performers to Watch in 2025: BlockDAG, XRP, Polkadot, Cardano","Explore the top crypto performers of May 2025. BlockDAG leads with $260M raised, while XRP, Polkadot, and Cardano show key price moves","Wed, 21 May 2025 14:27:19 +0100"
172,XRP Price Prediction – Is XRP Ready for a Supply Shock Surge?,Discover what’s driving the next big crypto move. Learn how supply shifts and new tech trends could shape prices in 2025. Don’t miss the insight.,"Wed, 21 May 2025 15:05:30 +0100"
173,Portal to Bitcoin Unveils the First Custody-free Bitcoin-Secured Cross-Chain Stack built on Babylon Genesis,"USA – May 2025 — Portal to Bitcoin, a decentralized finance (DeFi) technology company, today announced a strategic integration with Babylon Genesis, the pioneer of trustless Bitcoin staking.","Wed, 21 May 2025 17:37:24 +0100"
174,"Crypto Price Analysis: Ethereum, XRP, Solana, Remittix, Shiba Inu, Hedara & Pi Network","Crypto investors are constantly raking in profits irrespective of market sentiments, price corrections or bearish tendencies. As 2025 roars on, several coins have the potential to explode and fetch investors tremendous profits. This article takes a look at 7 of those tokens.","Wed, 21 May 2025 17:32:50 +0100"
175,Crypto Whales Are Betting Millions On This $0.07 Altcoin Beating Dogecoin (DOGE) To $1,"Reaching dollar parity is most altcoins’ first price target, and in this upcoming bull market, there will be many more new $1 alts. Many won’t make it, however and the race is on between legacy memecoin, Dogecoin and new DeFi protocol, Remittix.","Wed, 21 May 2025 17:27:45 +0100"
176,Best Crypto to Buy Now as UK Ready to Regulate and Embrace Crypto,"Despite lingering skepticism around digital currencies, momentum is clearly building across the globe.","Wed, 21 May 2025 17:10:56 +0100"
177,Dogecoin Price Prediction – Is $0.50 the Next Stop for DOGE?,"Will meme coins still matter in 2025? See how price predictions, real utility, and AI are reshaping the future of the crypto market.","Wed, 21 May 2025 14:54:57 +0100"
178,The Bitcoin Strategic Reserve Explained and What BSR Means for the US Economy,"Read on to learn everything there is to know about the Bitcoin Strategic Reserve, and what it means for the US economy","Wed, 21 May 2025 16:52:11 +0100"
179,FloppyPepe’s (FPPE) Extended 80% Bonus Drop Fuels Presale Frenzy Ahead Of Tier-1 Exchange Launch,The FloppyPepe (FPPE) presale sees a surge in interest with the recently extended 80% bonus offer ahead of its Tier-1 exchange launch.,"Wed, 21 May 2025 14:11:13 +0100"
180,AI Hedge Fund Crosses $31 Million AUM as Cardano Price Struggles at $0.75,"As the Cardano price struggles at $0.75, Unilabs emerges as a viral assets management platform, raising over $31M in AUM. Find out more about ADA and UNIL.","Wed, 21 May 2025 11:46:48 +0100"
181,CLAPS Launches Crypto-Native Sportsbook Integrating On-Chain Transparency with Off-Chain Performance,CLAPS Launches Crypto-Native Sportsbook Integrating On-Chain Transparency with Off-Chain Performance,"Wed, 21 May 2025 16:04:55 +0100"
182,"President Milei Ends Libra Inquiry, Raising Fresh Cover-Up Fears Over Crypto Scandal",The dissolution of the government task force investigating the $250 million Libra crypto scandal promoted by Argentinian President Javier Milei has deepened public distrust and harmed accountability efforts.,"Wed, 21 May 2025 12:41:28 +0100"
183,Crypto Bubbles Come and Go: Why Bitcoin Solaris Represents Solid Bitcoin-Like Investment Opportunity,"Crypto bubbles fade fast—but Bitcoin Solaris is a rare chance to invest in a solid, Bitcoin-like asset before it hits mainstream adoption.","Tue, 20 May 2025 16:42:07 +0100"
184,Pepe Price Prediction: This Quiet Breakout Could Shock the Entire Meme Market,This breakout could shake up meme coins. Discover the quiet trend traders are watching and the new tech shaping the next phase of crypto culture.,"Wed, 21 May 2025 14:13:44 +0100"
185,Shiba Inu Price Prediction: What’s Brewing Behind the Scenes Might Surprise You,"Discover what’s quietly moving the market. Uncover price signals, project updates, and new trends driving real interest in meme coins right now.","Wed, 21 May 2025 14:03:26 +0100"
186,Ethereum (ETH) and Sui (SUI) Poised for Major Gains if Bitcoin (BTC) Breaks Out,"One huge layer 1 blockchain leader in $ETH and one pretender to its throne - $SUI, are primed to be among the frontrunners if Bitcoin (BTC) finally does break out to new all-time highs. Both $ETH and $SUI are analysed.","Wed, 21 May 2025 14:48:49 +0100"
187,Copilot Picked 3 Tokens to Surge 300% in May - One’s Already Up 40%,"Discover the top three coins picked by an advanced AI Copilot: UNIL, PEPE, and ENA. Know why this AI-driven investment platform is the biggest opportunity of 2025.","Wed, 21 May 2025 11:33:32 +0100"
188,The Role of Liquidity in Building More Predictable DeFi Markets,"According to the efficient market hypothesis (EMH), asset prices reflect all available information. A direct implication of the EMH is that consistently beating the market is difficult. For example, stock prices rapidly incorporate data from earnings announcements, making it challenging to profit by trading on these events.","Wed, 21 May 2025 13:03:11 +0100"
189,BTCC Exchange Appoints Dan Liu as CEO Ahead of 14th Anniversary Milestone,BTCC Exchange Appoints Dan Liu as CEO Ahead of 14th Anniversary Milestone,"Wed, 21 May 2025 14:00:07 +0100"
190,Bitcoin (BTC) holds Above final Resistance Level,"The Bitcoin (BTC) price is gathering above the last decent resistance level of $106,000 on Wednesday. Should the bulls manage to close a daily candle above this level, and flip it into support, a rise up and beyond the $109,300 all-time high may not be far away.","Wed, 21 May 2025 13:44:52 +0100"
191,Next Crypto to Explode? Insiders Say It Could Be the Best Penny Crypto of the Year,Can a penny crypto be the next big thing in 2025? Explore the potential of this low-cost token poised for massive growth with its unique value in the market,"Wed, 21 May 2025 14:00:07 +0100"
192,"Bubblemaps V2 Now Supports BNB Chain, Bringing Simple Data Visualisations to The Network","Web3 data visualization service Bubblemaps expands its offerings to BNB Chain, aiming to enhance token transparency and on-chain visibility for users.","Wed, 21 May 2025 13:35:37 +0100"
193,"Crypto Price Analysis 5-21: BITCOIN: BTC, ETHEREUM: ETH, SOLANA: SOL, TONCOIN: TON, DOGECOIN: DOGE, CHAINLINK: LINK, NEAR PROTOCOL: NEAR","The crypto market rebounded after starting the week in the red as top cryptocurrencies traded in positive territory. As a result, the crypto market cap registered an increase of nearly 1% and moved to $3.37 trillion. Bitcoin (BTC) recovered from its sluggish start to the week, recouping its losses on Tuesday and crossing $107,000 during the ongoing session. The flagship cryptocurrency is up over 1% during the ongoing session, trading around $107,301.","Wed, 21 May 2025 12:38:09 +0100"
194,"Best Altcoins to Buy Now: Why These 3 Projects Are Adding 1,000 Wallets a Day","Find out about the best altcoins to buy now that are adding 1,000 wallets a day. Learn why these cryptocurrencies could be a  prime pick for your portfolio.","Wed, 21 May 2025 11:29:41 +0100"
195,DOGE Made Millionaires—But XYZVerse Could Make Billionaires in 2025’s Meme Supercycle,"Discover how the next meme coin phenomenon, XYZVerse, is poised to dominate the 2025 crypto supercycle—potentially creating the next wave of billionaires, just like DOGE did with millionaires.","Wed, 21 May 2025 12:54:43 +0100"
196,"Best Crypto Presale to Buy – 3 Low Cap Coins Backed by AI, Utility & Hype","Discover three low-cap tokens that are backed by AI, strong utility, and community momentum. Explore a promising presale opportunity, offering potential for significant returns in 2025.","Wed, 21 May 2025 11:15:59 +0100"
197,Best Meme Coin to Buy? Not If You’re the Guy Who Lost $66M,Dive into the volatile world of meme coins with insights from a $66M loss in $TRUMP. Explore why this AI token could be a smarter pick for 2025 investors.,"Wed, 21 May 2025 11:00:51 +0100"
198,"Could the Altcoin Season Bull Cycle Be Starting? Why XRP, Official Trump Coin, and MAGACOIN FINANCE Are Now Gaining Explosive Attention","Altcoin season may be kicking off — and XRP, Official Trump Coin, and MAGACOIN FINANCE are attracting traders with strong catalysts and breakout potential heading into Q3.","Wed, 21 May 2025 10:57:31 +0100"
199,Bitcoin Surpasses Google and Meta—Best Crypto to Buy Now,"Discover why the first BTC-based meme ICO, Bitcoin Pepe (BPEP), is the best play for 2025 as Bitcoin’s valuation tops Google and Meta and sparks bull season.","Wed, 21 May 2025 10:53:08 +0100"
